{
  "project_info": {
    "project_number": "945436074322",
    "project_id": "cs310group20",
    "storage_bucket": "cs310group20.appspot.com"
  },
  "client": [
    {
      "client_info": {
        "mobilesdk_app_id": "1:945436074322:android:f43b4a78ecde46d5a3da8b",
        "android_client_info": {
          "package_name": "com.example.cs310socialmedia"
        }
      },
      "oauth_client": [
        {
          "client_id": "945436074322-7muit3dca3ntg7frk3bujidh02k22bok.apps.googleusercontent.com",
          "client_type": 1,
          "android_info": {
            "package_name": "com.example.cs310socialmedia",
            "certificate_hash": "9f22b36b48973518759a1584cfca320141db5ffe"
          }
        },
        {
          "client_id": "945436074322-o6cojn20c1npj06oj8kbhikmeq1i646m.apps.googleusercontent.com",
          "client_type": 3
        }
      ],
      "api_key": [
        {
          "current_key": "AIzaSyALn_U9hqtSD6qOIIji382yXgV_AHAYjyw"
        }
      ],
      "services": {
        "appinvite_service": {
          "other_platform_oauth_client": [
            {
              "client_id": "945436074322-o6cojn20c1npj06oj8kbhikmeq1i646m.apps.googleusercontent.com",
              "client_type": 3
            }
          ]
        }
      }
    }
  ],
  "configuration_version": "1"
}